curriculum_id,university,state,degree,department,year,semester,course_code,course_title,syllabus
CUR001,Anna University,Tamil Nadu,B.Tech,Computer Science & Engineering,1,1,CS6101,Problem Solving using C,Introduction to Programming, Data Types, Control Structures, Functions, Arrays, Strings, Structures, Pointers, File Handling
CUR002,Anna University,Tamil Nadu,B.Tech,Computer Science & Engineering,1,2,CS6202,Data Structures,Arrays, Linked Lists, Stacks, Queues, Trees, Graphs, Sorting, Searching, Hash Tables, Complexity Analysis
CUR003,Anna University,Tamil Nadu,B.Tech,Computer Science & Engineering,2,3,CS6301,Database Management Systems,SQL, Relational Model, Normalization, Transactions, Indexing, Query Optimization, Concurrency Control, Recovery Management
CUR004,Anna University,Tamil Nadu,B.Tech,Computer Science & Engineering,2,4,CS6402,Operating Systems,Process Management, Memory Management, File Systems, Deadlocks, Synchronization, Scheduling, Virtual Memory, Security
CUR005,Anna University,Tamil Nadu,B.Tech,Computer Science & Engineering,3,5,CS6501,Web Technologies,HTML, CSS, JavaScript, XML, DOM, AJAX, Web Servers, HTTP Protocol, Client-Server Architecture
CUR006,Anna University,Tamil Nadu,B.Tech,Computer Science & Engineering,3,6,CS6602,Machine Learning,Supervised Learning, Regression, Classification, Unsupervised Learning, Clustering, Decision Trees, Neural Networks, Feature Engineering
CUR007,Visvesvaraya Technological University,Karnataka,B.Tech,Computer Science & Engineering,1,1,CS15CS21,Programming Fundamentals,C Programming, Logic Building, Operators, Control Flow, Functions, Arrays, Pointers, Structures, File I/O
CUR008,Visvesvaraya Technological University,Karnataka,B.Tech,Computer Science & Engineering,2,3,CS15CS34,Database Systems,Relational Database Design, SQL, ACID Properties, Indexing, Query Processing, Transaction Management, Backup & Recovery
CUR009,Visvesvaraya Technological University,Karnataka,B.Tech,Computer Science & Engineering,3,5,CS15CS53,Web Programming,Frontend Development, HTML5, CSS3, JavaScript, Bootstrap, Responsive Design, DOM Manipulation, Web APIs
CUR010,Visvesvaraya Technological University,Karnataka,B.Tech,Computer Science & Engineering,3,6,CS15CS54,Cloud Computing,Cloud Computing Concepts, AWS Services, Virtualization, Docker, Load Balancing, Auto-Scaling, Cloud Security
CUR011,Delhi Technological University,Delhi,B.Tech,Computer Science & Engineering,1,2,CS201,Data Structures and Algorithms,Linear Data Structures, Non-Linear Data Structures, Algorithm Analysis, Sorting Algorithms, Searching, Dynamic Programming, Graph Algorithms
CUR012,Delhi Technological University,Delhi,B.Tech,Computer Science & Engineering,2,4,CS401,Database Design,Entity-Relationship Model, Relational Model, SQL Fundamentals, Schema Design, Normalization, Database Administration
CUR013,Delhi Technological University,Delhi,B.Tech,Computer Science & Engineering,3,5,CS501,Software Engineering,SDLC, Requirements Analysis, Design Patterns, Testing, Project Management, Agile Methodology, Version Control
CUR014,Amrita Vishwa Vidyapeetham,Tamil Nadu,B.Tech,Computer Science & Engineering,2,3,CS201,Computer Networks,Network Layers, TCP/IP, DNS, DHCP, Routing Protocols, Network Security, Firewalls, VPN, Switching
CUR015,Amrita Vishwa Vidyapeetham,Tamil Nadu,B.Tech,Computer Science & Engineering,3,5,CS301,Artificial Intelligence,Search Algorithms, Knowledge Representation, Expert Systems, Natural Language Processing, Computer Vision, AI Ethics
CUR016,BITS Pilani,Rajasthan,B.Tech,Computer Science & Engineering,2,3,CS F211,Data Structures and Algorithms,Abstract Data Types, Algorithm Complexity, Sorting, Searching, Graph Algorithms, Recursion, Dynamic Programming, NP-Completeness
CUR017,BITS Pilani,Rajasthan,B.Tech,Computer Science & Engineering,3,6,CS F364,Cybersecurity,Cryptography, Network Security, Application Security, Penetration Testing, Threat Analysis, Security Protocols, Access Control, Audit Logs
CUR018,IIT Bombay,Maharashtra,B.Tech,Computer Science & Engineering,2,4,CS101,Database Systems,SQL, Relational Algebra, Query Optimization, Normalization, Transaction Processing, Concurrency, Distributed Databases, NoSQL
CUR019,IIT Bombay,Maharashtra,B.Tech,Computer Science & Engineering,3,5,CS201,Machine Learning and Deep Learning,Linear Regression, Logistic Regression, SVM, Decision Trees, Ensemble Methods, Neural Networks, CNN, RNN, Optimization Techniques
CUR020,NIT Trichy,Tamil Nadu,B.Tech,Computer Science & Engineering,2,3,CS207,Software Engineering Principles,Software Development Life Cycle, Requirements Engineering, Design Principles, Coding Standards, Testing Methodologies, Deployment, Maintenance, Documentation
